epoch,cpu_temperature,cpu_usage,ram_usage,storage_usage
1733532554,39.433,0.0,9.5,46.55781568209312
1733536155,37.972,0.5,9.5,46.55819799467821
1733539757,37.485,0.2,9.5,46.5585934904559
1733543359,37.485,0.2,9.5,46.55892307027064
1733546960,36.511,0.3,9.5,46.55935811562609
1733550562,37.972,8.9,9.4,46.55975361140378
1733554163,36.511,3.0,9.5,46.560175473566645
1733557766,36.998,0.5,9.5,46.56054460295916
1733561367,35.537,0.5,9.5,46.560966465122014
1733564969,45.277,0.5,9.4,46.5613619608997
1733568570,48.686,0.5,9.5,46.56178382306257
1733572172,52.582,0.2,9.5,46.56220568522544
1733575774,52.095,6.4,9.5,46.5896794585821
1733579376,52.582,3.5,9.6,46.59008813755238
1733582977,52.095,0.3,9.5,46.59048363333007
1733586579,53.069,0.5,9.6,46.59087912910775
1733590181,53.069,0.3,9.6,46.59130099127061
1733593783,55.504,0.2,9.6,46.591670120663125
1733597384,57.939,0.0,9.6,46.59211834921117
1733600986,51.608,13.6,9.6,46.59279069203323
1733604587,48.199,1.0,9.6,46.59318618781093
1733608189,42.355,0.5,9.7,46.59356850039602
1733611790,40.894,0.0,9.6,46.59396399617371
1733615391,40.407,0.0,9.6,46.59438585833658
1733618993,40.407,0.0,9.7,46.59478135411426
1733622595,38.946,13.1,9.6,46.595203216277135
1733626196,38.946,0.3,9.5,46.59558552886223
1733629797,37.972,0.7,9.5,46.41998540356917
1733633399,37.972,0.3,9.6,46.42034134976908
1733637001,37.972,1.0,9.5,46.42076321193195
1733640602,36.024,0.3,9.6,46.42117189090222
1733644203,36.998,12.3,9.6,46.42154102029473
1733647805,36.024,0.3,9.5,46.42200243203537
1733651407,43.329,0.3,9.6,46.42235837823529
1733655008,45.764,0.7,9.7,46.42279342359074
1733658610,45.764,0.5,9.6,46.42317573617584
1733662212,46.738,0.0,9.5,46.423610781531295
1733665814,50.634,0.0,10.2,46.424480872242206
1733669415,50.634,6.4,10.3,46.42535096295312
1733673017,56.965,13.1,10.3,46.42620787047144
1733676619,53.069,42.5,10.3,46.42707796118236
1733680221,50.147,0.5,10.3,46.42789531912291
1733683823,49.66,36.2,10.2,46.42875222664123
1733687424,44.79,0.3,10.3,46.45662149577558
1733691026,45.277,7.6,10.3,46.45743885371613
1733694628,39.433,2.8,10.3,46.45828257804187
1733698229,38.946,0.2,10.3,46.45911311917501
1733701831,38.946,0.0,10.7,46.4600095762711
1733705432,39.433,0.3,10.4,46.46081375101906
1733709034,38.459,0.0,10.1,46.4616442921522
1733712636,37.485,0.0,10.3,46.46250119967053
1733716238,38.459,13.1,10.2,46.463358107188846
1733719840,37.972,0.2,10.1,46.4641754651294
1733723441,38.459,0.0,10.3,46.465019189455134
1733727043,36.998,0.2,10.4,46.49284890901171
1733730645,36.511,0.2,9.9,46.4937453661078
1733734247,37.485,0.5,9.7,46.49416722827067
1733737848,39.433,0.3,9.6,46.49456272404836
1733741449,44.303,9.2,9.7,46.49497140301864
1733745051,48.199,0.5,9.7,46.4953932651815
1733748653,52.095,0.2,9.7,46.49580194415178
1733752254,56.478,0.3,9.6,46.49619743992947
1733755856,55.991,0.0,9.7,46.49659293570716
1733759457,54.53,0.0,9.8,46.497014797870015
1733763059,52.095,11.8,9.7,46.4974102936477
1733766661,49.66,0.5,9.7,46.49781897261799
1733770263,41.868,0.5,9.6,46.498240834780844
1733773864,44.303,0.3,9.7,46.498649513751126
1733777465,42.355,0.2,9.7,46.49903182633622
1733781067,41.868,0.2,9.7,46.49946687169168
1733784669,39.92,6.1,9.7,46.499849184276776
1733788270,39.92,0.2,9.7,46.50024468005447
1733791872,40.407,0.2,9.7,46.50069290860251
1733795473,39.433,0.3,9.8,46.50129933546162
1733799075,38.946,0.3,9.8,46.50169483123931
1733802677,38.946,0.2,9.7,46.50215624297995
1733806278,37.485,2.5,9.7,46.5027231202613
1733809880,36.511,10.5,9.7,46.50301315049828
1733813482,35.537,0.3,9.7,46.503435012661136
1733817083,36.511,0.5,9.7,46.50381732524624
1733820684,36.998,0.5,9.8,46.50426555379428
1733824286,38.459,0.0,9.8,46.50495107980894
1733827887,39.92,0.2,9.8,46.506032101601285
1733831489,39.433,8.7,9.7,46.5063880478012
1733835091,45.764,0.0,9.8,46.50679672677148
1733842308,51.121,0.0,8.1,46.481656378503175
1733845910,52.095,0.2,8.1,46.48206505747345
1733849511,54.53,11.5,8.1,46.48248691963632
1733853113,52.095,0.2,6.0,46.482882415414
1733856714,46.738,0.2,5.9,46.4832647279991
1733860316,40.407,0.0,6.1,46.48391070443599
1733863919,39.433,0.3,6.1,46.48453031448769
1733867521,38.946,0.0,6.1,46.484978543035744
1733871122,36.511,0.0,6.1,46.48537403881343
1733874724,34.076,9.7,6.1,46.48576953459112
1733878325,34.563,0.3,5.9,46.48619139675398
1733881927,34.076,0.2,6.0,46.48657370933908
1733885528,33.589,0.5,6.1,46.48702193788712
1733889130,35.05,2.0,6.1,46.48765473113142
1733892732,32.615,0.0,6.1,46.487971127753575
1733896334,33.102,2.3,6.1,46.48836662353126
1733899935,31.641,10.0,6.0,46.48877530250154
1733903537,31.641,0.3,6.1,46.489170798279225
1733907139,31.641,0.3,6.1,46.48981677471611
1733910740,40.407,0.0,6.1,46.49023863687898
1733914342,42.355,0.0,6.1,46.5176464942727
1733917944,44.79,0.2,6.1,46.51805517324297
1733921545,48.686,7.7,6.2,46.51842430263548
1733925147,48.686,0.0,6.1,46.51885934799093
1733928750,50.147,0.2,6.1,46.5192812101538
1733932352,51.121,0.0,6.1,46.51967670593149
1733935954,52.582,0.3,6.1,46.52008538490177
1733939555,53.069,0.3,6.2,46.52045451429427
1733943157,50.147,0.0,6.1,46.52087637645714
1733946758,45.277,9.7,6.1,46.5213114218126
1733950359,44.79,0.0,6.1,46.52172010078287
1733953960,40.894,0.3,6.1,46.522128779753146
1733957561,38.459,0.5,6.1,46.52251109233824
1733961163,37.972,0.0,6.1,46.52291977130852
1733964765,35.537,0.0,6.1,46.52334163347139
1733968367,35.537,5.3,6.2,46.52375031244166
1733971969,33.589,4.0,6.1,46.524620403152575
1733975570,32.128,0.0,6.1,46.525029082122856
1733979172,31.641,0.0,6.1,46.52545094428572
1733982774,32.615,0.0,6.1,46.52587280644859
1733986375,32.615,0.8,6.1,46.52630785180404
1733989977,31.641,0.0,6.1,46.52666379800396
1733993578,32.615,4.5,6.1,46.527046110589055
1733997179,41.868,0.3,6.2,46.527481155944514
1734000781,46.738,0.3,6.1,46.5278766517222
1734004382,49.173,0.0,6.1,46.52828533069248
1734007984,50.147,0.0,6.1,46.5287599256257
1734011586,48.686,0.0,11.9,46.877732216664185
1734015187,52.095,11.5,14.9,46.88054023668576
1734018788,49.66,1.5,14.6,46.88093573246345
1734022390,55.017,0.3,14.6,46.88154215932258
1734025991,55.017,0.0,6.2,46.88195083829285
1734029593,54.043,0.0,6.2,46.88237270045572
1734033195,53.556,0.0,6.2,46.882794562618585
1734036797,48.686,13.4,6.2,46.88346690544065
1734040398,41.868,0.7,6.2,46.88387558441093
1734044000,39.92,0.5,6.2,46.8842842633812
1734047601,37.972,0.3,6.1,46.88469294235148
1734051203,37.972,0.2,6.1,46.88511480451435
1734054804,36.998,0.2,6.2,46.88552348348463
1734058406,35.537,13.3,6.2,46.88591897926231
1734062008,34.563,0.3,6.2,46.88597171203267
1734065609,35.05,0.0,6.2,46.88640675738813
1734069211,34.076,0.0,6.1,46.886789069973226
1734072813,34.563,0.3,6.2,46.887210932136085
1734076414,33.102,0.5,6.2,46.887606427913774
1734080016,35.05,1.8,6.2,46.888015106884055
1734083617,36.998,7.4,6.2,46.88843696904692
1734087219,43.816,0.0,6.2,46.8888456480172
1734090820,45.764,0.0,6.1,46.88925432698747
1734094421,45.277,0.2,6.1,46.88966300595775
1734098022,47.712,0.0,6.1,46.8900980513132
1734101624,51.121,3.0,6.2,46.91776957255871
1734105226,51.121,3.3,6.2,46.91819143472158
1734108828,52.582,0.2,6.2,46.91858693049926
1734112430,55.017,0.8,6.2,46.91899560946954
1734116031,52.582,0.0,6.2,46.91940428843981
1734119633,55.991,0.2,6.2,46.91978660102492
1734123235,45.277,0.0,6.2,46.92019527999519
1734126836,36.511,13.6,8.5,46.64664403376163
1734130819,37.485,5.8,9.5,46.58720101837526
1734134420,37.485,0.0,9.5,46.58759651415295
1734138021,36.511,0.2,9.4,46.67894285560608
1734141622,35.05,0.2,9.4,46.679377900961526
1734145224,35.537,0.3,9.4,46.67976021354663
1734148825,36.511,11.0,9.4,46.680142526131725
1734152427,35.05,2.5,9.5,46.6808016857612
1734156029,34.563,0.3,9.5,46.68117081515371
1734159631,34.563,0.0,9.5,46.68159267731657
1734163232,34.076,1.3,9.5,46.68201453947945
1734166834,35.537,0.0,9.5,46.682607783145976
1734170435,36.511,9.8,10.0,46.68304282850143
1734174037,39.433,11.1,9.6,46.68346469066429
1734177639,40.407,0.0,9.4,46.68387336963457
1734181241,37.972,0.5,9.5,46.68425568221967
1734184842,42.355,0.0,9.5,46.684664361189945
1734188444,44.79,0.3,9.5,46.685059856967634
1734192045,46.738,0.0,9.5,46.68550808551568
1734195647,40.894,10.5,9.6,46.68589039810077
1734199248,36.998,0.0,9.6,46.68628589387846
1734202849,38.459,0.0,9.6,46.68668138965615
1734206451,41.381,0.3,9.6,46.68707688543384
1734210053,37.972,0.0,9.6,46.68749874759671
1734213655,36.024,0.2,9.6,46.68784151060403
1734217256,35.537,4.3,9.6,46.6882633727669
1734220858,33.589,5.8,9.6,46.688645685352
1734224459,35.05,0.2,9.6,46.68904118112968
1734228061,36.024,0.8,9.6,46.68946304329255
1734231662,36.024,0.7,9.6,46.61456932619121
1734235263,35.537,0.2,9.6,46.61503073793184
1734238865,35.537,10.7,9.6,46.61542623370953
1734242466,35.05,0.5,9.6,46.6158480958724
1734246068,34.076,0.7,9.6,46.61624359165008
1734249669,35.05,0.0,9.6,46.61665227062036
1734253271,34.563,0.5,9.6,46.61706094959063
1734256872,35.05,0.2,9.6,46.61749599494609
1734260474,36.511,4.3,9.7,46.61844518481254
1734264075,40.894,0.2,9.6,46.61884068059023
1734267677,42.355,0.5,9.6,46.64623535479136
1734271279,45.277,0.7,9.6,46.64665721695422
1734274880,45.764,0.3,9.7,46.64705271273191
1734278481,48.199,0.0,9.7,46.6474482085096
1734282083,51.121,1.0,9.6,46.64788325386505
1734285685,52.095,6.4,9.6,46.64826556645015
1734289286,49.66,0.3,9.6,46.64868742861301
1734292888,51.608,0.5,9.6,46.6490829243907
1734296489,47.225,0.0,9.7,46.64949160336098
1734300091,41.868,0.5,9.6,46.64988709913867
1734303692,38.459,2.7,9.6,46.650308961301526
1734307294,37.972,8.7,9.7,46.65071764027181
1734310895,36.998,0.0,9.6,46.65112631924208
1734314497,37.485,0.3,9.7,46.65154818140495
1734318099,37.485,0.2,9.6,46.65195686037523
1734321700,36.024,0.0,9.6,46.65235235615291
1734325301,36.998,0.3,9.7,46.6529983325898
1734328905,35.05,0.0,9.7,46.65340701156008
1734332507,36.024,13.1,9.6,46.653828873722944
1734336109,36.511,0.3,9.6,46.654198003115454
1734339710,35.537,0.3,9.7,46.6546462316635
1734343311,39.92,0.3,9.7,46.65505491063377
1734346913,41.868,0.3,9.7,46.65543722321887
1734350515,48.686,0.5,9.7,46.65587226857433
1734354116,46.251,9.5,9.6,46.656267764352016
1734357718,48.199,0.3,9.7,46.65668962651488
1734361319,50.147,9.0,9.6,46.65736196933695
1734364920,50.147,0.0,9.7,46.65748061807026
1734368522,49.173,0.0,9.7,46.65790248023312
1734372124,51.121,0.0,9.6,46.6583111592034
1734375725,51.121,10.7,9.7,46.65870665498109
1734379327,53.556,0.0,9.6,46.65914170033654
1734382929,50.147,0.2,9.7,46.65956356249941
1734386531,39.92,0.2,9.8,46.65993269189192
1734390132,37.972,0.2,9.7,46.66060503471398
1734393734,35.05,0.2,9.7,46.66098734729909
1734397336,35.537,0.5,9.8,46.66140920946194
1734400938,33.589,12.9,9.6,46.66181788843223
1734404539,33.102,0.5,9.8,46.66227930017286
1734408141,30.18,0.3,9.7,46.662687979143136
1734411743,31.641,0.0,9.7,46.66313620769118
1734415344,30.667,0.3,9.7,46.66351852027628
1734418946,31.154,0.2,9.7,46.66394038243914
1734422547,30.667,2.3,9.7,46.664335878216825
1734426149,32.615,11.8,9.7,46.6647577403797
1734429751,45.277,0.5,9.7,46.66517960254256
1734433353,51.121,0.0,9.7,46.66556191512766
1734436954,55.017,0.3,9.8,46.66599696048312
1734440556,54.53,0.3,9.7,46.666405639453394
1734444158,51.121,0.0,9.7,46.66684068480885
1734447760,52.095,0.3,9.7,46.66722299739395
1734451362,49.173,12.4,9.7,46.66764485955681
1734454963,48.199,0.0,9.9,46.66844903430478
1734458565,55.017,0.3,9.8,46.66885771327505
1734462167,53.556,0.3,9.8,46.66925320905274
1734465768,54.043,0.3,9.8,46.669661888023015
1734469370,50.634,0.2,9.8,46.670070566993296
1734472972,42.355,7.6,9.7,46.67050561234875
1734476574,36.024,6.1,9.8,46.670927474511615
1734480175,36.024,0.5,9.7,46.6713229702893
1734483776,36.511,0.7,9.7,46.67174483245217
1734487378,36.024,0.0,9.8,46.67215351142245
1734490980,35.537,0.0,9.8,46.67254900720013
1734494582,34.563,0.2,9.7,46.672970869363
1734498184,34.563,13.1,9.8,46.67337954833328
1734501785,33.102,0.2,9.7,46.673761860918376
1734505387,32.615,0.2,9.7,46.70119608469727
1734508988,31.641,0.2,9.7,46.70157839728236
1734512590,34.563,0.0,9.7,46.70198707625264
1734516193,43.816,0.0,9.7,46.70240893841551
1734519795,47.225,0.5,9.7,46.70306809804499
1734523396,48.686,11.9,9.8,46.70347677701526
1734526998,52.095,0.3,9.7,46.70387227279295
1734530599,53.556,0.0,9.8,46.704254585378045
1734534201,53.556,0.2,9.8,46.70468963073351
1734537802,53.069,0.0,9.8,46.70509830970378
1734541404,54.043,0.5,9.7,46.70550698867405
1734545005,57.939,12.9,9.7,46.70592885083692
1734548606,55.504,0.2,9.7,46.70633752980719
1734552207,49.66,0.3,9.8,46.706746208777474
1734555809,51.121,0.0,9.7,46.70714170455516
1734559411,42.842,0.8,9.7,46.70756356671803
1734563012,41.868,0.5,9.8,46.7079722456883
1734566614,40.407,12.6,9.8,46.70840729104376
1734570215,39.433,0.0,9.8,46.70878960362886
1734573816,36.998,0.3,9.7,46.70922464898432
1734577418,36.024,0.5,9.8,46.70964651114718
1734581020,36.024,0.2,9.7,46.71001564053969
1734584621,34.076,0.0,9.8,46.71080663209506
1734588223,34.563,13.8,9.8,46.711202127872745
1734591825,33.102,0.3,9.8,46.71161080684303
1734595426,33.102,0.5,9.7,46.71201948581331
1734599028,34.563,0.5,9.8,46.71241498159099
1734602629,45.277,0.3,9.7,46.712836843753855
1734606230,48.686,0.0,9.8,46.71323233953154
1734609832,49.173,12.9,9.8,46.71365420169441
1734613434,50.634,0.0,9.8,46.71411561343504
1734617035,52.095,0.0,9.8,46.71452429240532
1734620637,54.043,0.0,9.8,46.7149329713756
1734624238,53.069,0.3,9.8,46.71535483353846
1734627840,55.017,0.0,9.7,46.71575032931615
1734631442,55.504,1.3,9.8,46.71614582509383
1734635044,52.095,12.9,9.7,46.71658087044929
1734638646,51.608,0.3,9.8,46.71697636622698
1734642248,45.764,0.3,9.8,46.71741141158244
1734645850,42.355,1.0,9.7,46.71780690736012
1734649451,40.407,9.6,9.8,46.718690181263625
1734653053,40.407,0.0,9.9,46.71896702830801
1734656657,38.946,0.2,9.8,46.71940207366346
1734660258,40.894,0.0,9.8,46.71979756944115
1734663860,38.459,13.4,9.8,46.7202326147966
1734667461,38.946,0.3,9.8,46.720654476959474
1734671063,37.972,0.2,9.8,46.72106315592975
1734674665,38.946,0.5,9.8,46.72149820128521
1734678267,37.972,0.2,9.9,46.72184096429253
1734681869,37.972,0.2,9.8,46.72227600964799
1734685470,39.92,0.0,9.8,46.72265832223309
1734689072,45.277,7.9,9.8,46.72309336758854
1734692673,47.225,2.0,9.7,46.723515229751406
1734696275,47.712,0.0,9.8,46.72389754233651
1734699876,51.608,0.0,9.9,46.72430622130678
1734703477,54.53,0.0,9.8,46.72472808346965
1734707079,48.686,1.2,9.9,46.72513676243992
1734710681,48.199,5.3,9.8,46.72555862460279
1734722293,38.946,0.0,9.9,46.67186348118548
1734725894,37.972,0.2,9.4,46.62330978287809
1734729496,36.998,0.2,9.4,46.62371846184837
1734733097,35.537,6.5,9.4,46.624100774433465
1734736699,36.024,0.8,9.5,46.62452263659633
1734740301,35.537,1.3,9.4,46.62491813237402
1734743902,36.511,0.5,9.4,46.62536636092207
1734747504,36.511,0.0,9.5,46.62577503989234
1734751105,36.511,0.5,9.6,46.62586732224047
1734754707,35.537,12.9,9.6,46.62623645163298
1734758309,35.537,0.0,9.5,46.62664513060325
1734761910,35.537,0.0,9.6,46.62706699276612
1734765511,35.537,0.7,9.6,46.627462488543806
1734769113,35.05,0.2,9.6,46.62787116751409
1734772714,35.537,0.0,9.5,46.62827984648436
1734776316,36.998,12.9,9.6,46.62868852545464
1734779917,43.816,0.0,9.6,46.62909720442492
1734783519,43.816,0.0,9.6,46.62950588339519
1734787121,46.738,0.2,9.6,46.62992774555805
1734790723,46.738,0.5,9.6,46.63034960772092
1734794325,46.738,0.0,9.5,46.63073192030602
1734797927,44.79,0.5,9.6,46.63112741608371
1734801529,41.381,11.0,9.6,46.63154927824657
1734805130,43.816,0.5,9.6,46.63193159083167
1734808731,43.329,0.5,9.7,46.6593262650328
1734812333,41.381,0.8,9.7,46.65973494400307
1734815935,38.946,0.3,9.7,46.660156806165936
1734819537,37.972,0.0,9.6,46.660552301943625
1734823138,36.511,0.0,9.7,46.6609609809139
1734826740,33.102,9.5,9.7,46.66136965988418
1734830342,34.076,0.3,9.7,46.66177833885445
1734833943,35.537,0.7,9.7,46.66221338420991
1734837545,35.537,0.3,9.7,46.61305325904341
1734841147,36.024,0.3,9.7,46.61352785397664
1734844749,35.537,0.2,9.8,46.61392334975432
1734848350,36.024,4.8,9.7,46.61434521191718
1734851952,35.05,8.1,10.1,46.61475389088746
1734855553,34.563,0.0,9.7,46.61516256985774
1734859154,36.024,0.0,9.7,46.61561079840578
1734862756,38.459,0.2,9.6,46.615993110990885
1734866358,41.381,0.0,9.7,46.61641497315375
1734869959,44.303,8.4,9.7,46.61681046893143
1734873561,40.894,4.8,9.7,46.617245514286886
1734877163,43.816,0.0,9.7,46.61758827729422
1734880765,46.738,0.0,9.7,46.61803650584226
1734884366,50.634,0.0,9.7,46.61841881842736
1734887968,46.738,0.0,9.7,46.618814314205046
1734891569,47.712,0.2,9.7,46.61923617636791
1734895172,52.095,5.8,9.7,46.619684404915965
1734898774,48.199,9.0,9.7,46.620106267078825
1734902375,43.816,0.5,9.8,46.62050176285651
1734905977,39.433,0.3,9.8,46.6209104418268
1734909578,37.972,0.3,9.7,46.62131912079707
1734913180,37.485,0.0,9.7,46.62174098295993
1734916782,36.998,0.0,9.8,46.622334226626464
1734920384,36.511,7.1,9.8,46.622742905596745
1734923986,36.511,4.5,9.8,46.6231647677596
1734927587,35.537,0.3,9.8,46.62362617950024
1734931188,36.998,0.3,9.8,46.62399530889275
1734934790,36.998,0.3,9.8,46.62440398786303
1734938391,36.998,0.0,9.8,46.62483903321848
1734941992,37.485,13.1,9.8,46.62520816261099
1734945594,36.998,0.3,9.7,46.62561684158126
1734949196,38.459,8.5,10.2,46.62602552055154
1734952797,45.277,0.7,9.8,46.62643419952183
1734956399,52.582,0.3,9.8,46.62682969529951
1734960000,52.582,0.0,9.8,46.62723837426978
1734963602,52.582,11.5,9.8,46.62766023643265
1734967204,52.095,4.3,9.7,46.62806891540293
1734970805,52.095,0.0,9.8,46.628464411180616
1734974407,51.608,0.0,9.8,46.62888627334348
1734978009,53.069,0.5,9.8,46.629321318698935
1734981611,51.608,0.0,10.5,46.63032324133575
1734985212,48.686,0.5,10.5,46.63120651523924
1734988814,44.79,13.1,10.4,46.65907578437359
1734992416,39.433,6.5,10.4,46.65993269189192
1734996017,38.459,6.7,10.4,46.66077641621765
1734999619,37.485,0.3,10.4,46.66163332373597
1735003221,36.998,46.5,10.5,46.66249023125429
1735006822,36.511,0.0,10.5,46.66332077238744
1735010424,36.024,0.0,10.5,46.664217229483526
1735014026,35.05,11.3,10.4,46.665113686579616
1735017627,34.563,0.2,10.5,46.66594422771276
1735021228,34.076,0.0,10.5,46.66685386800144
1735024830,34.076,0.3,10.5,46.66768440913458
1735028431,34.076,14.1,10.5,46.66858086623068
1735032033,39.433,0.0,10.5,46.69641058578725
1735035635,47.712,12.9,10.4,46.6972279437278
1735039236,50.634,0.5,10.4,46.69809803443872
1735042837,51.121,0.0,10.5,46.69894175876445
1735046439,50.634,0.0,9.9,46.69990413182349
1735050041,50.634,9.3,9.8,46.70064239060851
1735053643,50.147,0.3,10.0,46.70074785614922
1735057245,53.556,2.8,9.9,46.70114335192691
1735060847,52.582,10.2,10.0,46.701565214089776
1735064449,55.991,0.2,9.9,46.70196070986746
1735068050,55.017,0.0,9.9,46.70234302245256
1735071652,53.556,0.5,9.9,46.70277806780801
1735075253,51.121,0.0,9.9,46.70318674677829
1735078855,43.816,0.0,10.0,46.70362179213375
1735082456,41.868,8.1,9.9,46.70400410471884
1735086057,41.381,0.7,9.9,46.7044391500743
1735089658,38.459,0.2,9.9,46.70480827946681
1735093260,38.459,0.0,9.9,46.70523014162967
1735096862,38.459,0.2,9.9,46.705652003792544
1735100463,37.972,0.2,9.9,46.70604749957023
1735104064,36.998,5.6,9.9,46.70646936173309
1735107666,36.511,0.5,9.9,46.70687804070337
1735111268,36.998,0.5,9.9,46.70752401714026
1735114869,37.485,0.2,9.9,46.70789314653277
1735118471,39.433,0.0,9.9,46.70832819188822
1735122073,40.407,0.0,10.0,46.70872368766591
1735125674,42.842,13.1,9.9,46.709145549828776
1735129276,40.894,0.5,9.9,46.70955422879906
1735132878,45.764,0.0,10.0,46.70993654138415
1735136479,45.277,4.0,9.9,46.71062206739881
1735140081,48.199,0.3,9.9,46.7107538993247
1735143683,49.66,0.0,10.0,46.711202127872745
1735147285,51.608,1.2,9.9,46.738583618881286
1735150887,47.225,12.6,9.9,46.73900548104415
1735154488,45.764,0.5,9.9,46.73941416001443
1735158090,40.894,0.0,9.9,46.73983602217729
1735161692,36.998,0.5,10.0,46.74023151795498
1735165293,35.537,0.5,10.0,46.7405874641549
1735168895,36.998,0.2,10.0,46.741035692702944
1735172496,36.998,12.9,9.9,46.74144437167322
1735176098,36.998,0.5,9.9,46.742077164917525
1735179699,36.998,0.3,9.9,46.74249902708039
1735183300,36.998,0.5,10.0,46.742907706050666
1735186902,37.485,0.0,10.0,46.74331638502094
1735190503,36.511,0.2,9.9,46.74371188079863
1735194105,35.537,12.9,9.9,46.74410737657632
1735197706,35.537,0.2,9.9,46.74451605554659
1735201308,34.563,1.2,10.0,46.74492473451687
1735204909,35.05,0.3,10.0,46.74530704710197
1735208511,37.485,0.0,10.0,46.745768458842605
1735212113,37.972,0.2,9.9,46.746163954620286
1735215715,36.998,2.0,9.9,46.74658581678315
1735219317,37.485,11.1,10.0,46.747060411716376
1735222918,37.972,0.0,10.0,46.74748227387924
1735226519,37.972,0.3,10.0,46.74787776965693
1735230120,39.92,0.3,10.0,46.748286448627205
1735233722,41.381,0.0,9.8,46.74865557801972
1735237324,40.894,1.8,10.0,46.74907744018258
1735240925,38.946,7.6,10.0,46.74973659981206
1735244527,36.511,0.5,10.0,46.75013209558975
1735248129,35.537,0.5,10.0,46.75054077456002
1735251730,36.511,0.0,9.9,46.75093627033771
1735255332,36.024,0.3,10.0,46.7513317661154
1735258933,36.511,0.0,10.0,46.751753628278266
1735262535,35.537,12.9,10.0,46.75213594086336
1735266136,36.511,0.3,10.0,46.752570986218814
1735269738,35.05,0.3,10.0,46.75299284838169
1735273339,35.537,0.2,10.0,46.75340152735196
1735276942,35.537,0.0,10.0,46.75382338951483
1735280544,36.024,0.0,10.0,46.75421888529252
1735284146,35.537,0.0,10.0,46.75460119787761
1735287747,34.076,11.3,10.0,46.75503624323306
1735291349,36.024,0.2,10.0,46.75544492220335
1735294951,36.998,1.3,10.0,46.75585360117362
1735298552,36.024,0.0,10.0,46.75624909695131
1735302154,36.998,0.5,10.0,46.7566314095364
1735305755,36.511,0.2,10.1,46.757343301936245
1735309356,40.894,13.4,10.0,46.75773879771393
1735312958,45.277,0.3,10.0,46.7581474766842
1735316559,45.277,0.5,10.0,46.758569338847074
1735320160,47.225,0.5,10.1,46.75893846823958
1735323762,46.251,0.0,10.1,46.75936033040245
1735327364,40.894,0.3,9.9,46.75975582618013
1735330966,38.946,5.6,10.0,46.76016450515041
1735334568,37.972,6.6,10.0,46.76058636731328
1735338170,36.024,0.7,10.0,46.760995046283554
1735341771,36.024,0.3,10.6,46.76165420591303
1735345373,36.998,0.3,10.6,46.76243201427582
1735348974,36.998,0.0,10.7,46.76314390667565
1735352575,37.972,0.5,10.7,46.79098680942482
1735356177,36.511,7.1,10.7,46.79188326652091
1735359779,36.511,0.5,10.6,46.79268744126888
1735363380,36.511,0.5,10.7,46.7935443487872
1735366981,37.972,0.8,10.5,46.79437488992034
1735370583,38.946,3.2,10.6,46.79524498063125
1735374185,37.972,0.0,10.6,46.796088704956986
1735377786,36.998,7.3,10.5,46.79694561247531
1735381388,40.407,29.4,10.4,46.79778933680104
1735384989,40.407,0.0,10.7,46.798580328356415
1735388591,38.946,0.5,10.6,46.799437235874734
1735392192,41.868,0.0,10.7,46.80028096020047
1735395794,42.355,0.2,10.5,46.80116423410397
1735399396,47.225,10.5,10.6,46.82899395366055
1735402998,50.634,0.7,10.7,46.82983767798628
1735406983,49.66,2.0,10.7,46.95476161096504
1735407616,53.069,11.5,10.9,46.96426669282212
1735408361,53.556,0.0,10.9,47.00278798156885
1735409216,54.53,11.6,11.0,47.01583934223252
1735410231,55.991,1.5,11.1,47.03129004394749
1735411408,52.582,11.2,11.1,47.07637656260382
1735412798,46.251,2.0,11.3,47.1245479483261
1735414458,52.095,2.8,11.4,47.23027715289445
1735416384,47.712,0.5,11.6,46.90769761342028
1735418684,49.66,5.6,11.9,46.99543176010386
1735421369,46.251,7.3,12.0,47.08895332833426
1735424534,39.92,7.5,12.3,47.19060892639244
1735428286,36.998,3.0,12.7,47.38130380720055
1735432684,36.511,4.3,13.1,47.500387585862136
1735437835,37.485,1.2,13.5,47.62971470516581
1735443900,36.998,1.7,14.0,47.32319229426573
1735451041,36.024,1.0,14.7,47.61742796967233
1735459456,35.05,1.0,15.3,47.68190696462791
1735469378,47.225,0.0,16.3,47.31783991807437
1735654635,54.53,4.8,18.5,47.09318513315552
1735658237,53.069,0.2,9.5,47.08865011490471
1735661839,54.53,0.0,9.5,47.0890456106824
1735665440,53.556,0.0,9.4,47.08946747284526
1735669041,60.374,10.2,9.5,47.08988933500813
1735672643,55.991,2.5,9.4,47.09027164759323
1735676245,50.634,0.5,9.4,47.0906803265635
1735679847,51.608,0.2,9.4,47.09133948619298
1735683449,44.303,0.5,9.4,47.09180089793361
1735687050,42.355,0.2,9.4,47.09220957690389
1735690652,38.946,0.3,9.4,47.09260507268158
1735694253,37.972,11.5,9.4,47.09301375165185
1735697854,36.998,0.5,9.4,47.09340924742954
1735701456,36.998,0.3,9.3,47.09363336170356
1735705057,36.998,0.2,9.4,47.09404204067384
1735708659,36.024,0.2,9.4,47.09445071964412
1735712260,34.563,0.0,9.4,47.0948462154218
1735715861,35.05,7.1,9.4,47.09528126077726
1735719463,33.102,0.2,9.4,47.09566357336236
1735723065,36.511,1.0,9.5,47.09605906914005
1735726667,43.329,0.2,9.4,47.09646774811032
1735730269,50.147,0.2,9.4,47.09688961027319
1735733870,49.66,0.2,9.5,47.09729828924347
1735737472,48.686,7.8,9.4,47.09770696821374
1735741073,49.173,0.2,9.4,47.125114825607454
1735744675,55.017,0.5,9.5,47.125787168429525
1735748276,51.121,0.0,9.5,47.12620903059239
1735751878,56.478,0.0,9.5,47.12659134317749
1735755479,57.939,0.2,9.6,47.127013205340354
1735759081,58.913,10.8,9.5,47.12742188431063
1735762682,53.556,0.5,9.6,47.12781738008832
1735766283,44.303,0.5,9.5,47.128252425443776
1735769884,43.329,1.0,9.6,47.12864792122146
1735773486,42.355,0.5,9.6,47.12906978338432
1735777087,40.894,0.0,9.5,47.1294784623546
1735780689,40.894,12.1,9.6,47.12988714132488
1735784291,38.459,3.0,11.9,47.19857157471654
1735787892,35.537,0.3,9.5,47.14595745309156
1735791494,35.05,0.8,9.5,47.14647159760256
1735795096,34.563,0.3,9.6,47.14685391018765
1735798697,34.563,0.0,9.6,47.147236222772754
1735802299,33.589,3.3,9.6,47.1476844513208
1735805901,34.076,11.0,9.6,47.148066763905895
1735809503,34.563,47.3,10.2,47.14912141931306
1735813105,37.972,0.0,10.2,47.14997832683138
1735816706,40.407,1.7,10.3,47.150795684771936
1735820308,47.712,0.3,10.2,47.15161304271248
1735823910,48.686,0.5,10.2,47.15257541577153
1735827511,49.173,5.1,10.0,47.15337959051949
1735831113,50.634,0.3,9.6,47.154117849304505
1735834714,51.121,0.7,9.6,47.15450016188961
1735838316,44.303,0.0,9.6,47.15493520724506
1735841917,44.79,0.5,9.6,47.15534388621534
1735845519,47.225,0.7,9.6,47.155752565185615
1735849121,50.634,0.2,9.5,47.15616124415589
1735852723,46.251,13.1,9.7,47.18356910154961
1735856324,38.946,0.3,9.6,47.1839645973273
1735859925,37.485,0.2,9.7,47.18436009310498
1735863527,37.972,0.3,9.6,47.18478195526784
1735867129,36.511,0.0,9.7,47.185190634238126
1735870731,38.946,0.5,9.6,47.18558613001581
1735874332,36.998,12.9,9.6,47.18602117537127
1735877933,37.972,0.0,9.6,47.18644303753413
1735881535,37.972,0.5,9.6,47.18682535011923
1735885136,36.024,1.5,9.5,47.187247212282095
1735888738,36.511,1.2,9.6,47.18764270805978
1735892341,35.537,1.0,9.6,47.18806457022265
1735895942,36.511,3.8,9.7,47.188670997081765
1735899543,36.998,5.6,9.6,47.18906649285945
1735903145,38.946,0.0,9.6,47.18950153821491
1735906747,41.381,0.5,9.6,47.1898970339926
1735910348,43.816,0.5,9.6,47.190345262540646
1735913950,42.842,0.0,9.6,47.19075394151092
1735917551,41.868,0.0,9.7,47.191136254096016
1735921152,39.433,8.4,9.6,47.19159766583665
1735924754,47.712,0.3,10.1,47.19244139016239
1735928356,45.277,1.2,9.6,47.19283688594007
1735931957,37.485,0.8,9.6,47.19324556491035
1735935558,45.764,0.2,9.6,47.19365424388063
1735939160,42.355,12.2,10.1,47.19404973965831
1735942761,36.998,1.0,9.7,47.19449796820636
1735946363,36.511,0.5,9.7,47.194893463984045
1735949964,35.537,0.7,9.7,47.19530214295432
1735953567,36.511,0.0,9.7,47.1957108219246
1735957169,35.537,0.2,9.7,47.196093134509695
1735960770,36.024,0.0,9.7,47.19652817986515
1735964372,35.05,9.7,9.7,47.19691049245025
1735967973,35.05,1.0,9.6,47.19733235461312
1735971575,35.537,0.5,9.7,47.197754216775984
1735975177,34.563,0.3,9.7,47.19816289574626
1735978778,36.024,0.2,9.6,47.19853202513877
1735982380,37.972,0.0,9.6,47.19896707049423
1735985981,40.407,0.0,9.6,47.19936256627191
1735989583,41.868,9.7,9.8,47.20002172590139
1735993184,44.303,0.0,9.7,47.20044358806425
1735996785,44.303,0.3,9.7,47.20083908384194
1736000387,48.199,0.5,9.7,47.201247762812216
1736003988,49.66,6.5,10.1,47.20166962497508
1736007590,50.634,1.3,9.7,47.20203875436759
1736011192,52.095,10.5,9.7,47.20247379972305
1736014793,44.303,0.0,9.7,47.20284292911556
1736018395,45.277,0.0,9.7,47.20327797447101
1736021997,50.147,0.7,9.7,47.203673470248695
1736025599,43.329,0.2,9.7,47.204068966026384
1736029200,40.894,0.5,9.7,47.20449082818925
1736032802,39.433,12.1,9.6,47.20488632396694
1736036404,39.433,1.8,9.6,47.205308186129805
1736040005,37.972,0.5,9.6,47.20571686510009
1736043607,39.433,0.5,9.7,47.20612554407036
1736047208,36.998,0.0,9.6,46.90010409448869
1736050810,36.024,0.5,9.7,46.90056550622933
1736054411,35.537,10.8,9.9,46.92819747789706
1736058012,35.537,0.3,9.7,46.928658889637695
1736061613,35.05,0.5,9.7,46.92905438541538
1736065215,35.05,0.5,9.7,46.92947624757825
1736068817,36.511,0.5,9.7,46.92987174335593
1736072418,42.355,0.5,9.7,46.930293605518806
1736076020,46.738,2.5,9.7,46.93068910129649
1736079622,46.251,4.3,9.7,46.93109778026677
1736083224,52.095,0.3,9.6,46.93151964242964
1736086825,52.582,0.5,9.7,46.93191513820732
1736090427,53.069,0.5,9.7,46.93235018356277
1736094028,55.017,0.0,9.7,46.93273249614787
1736097630,54.043,0.0,9.8,46.93316754150333
1736101231,54.53,10.5,9.7,46.93353667089583
1736104833,55.504,0.0,9.7,46.9339585330587
1736108435,55.017,0.0,9.7,46.93439357841416
1736112037,51.608,0.5,9.7,46.93478907419185
1736115638,40.894,0.0,9.8,46.93518456996953
1736119239,38.459,0.0,9.9,46.9361073934508
1736122841,37.972,13.1,9.7,46.93626559176188
1736126442,35.537,0.3,9.7,46.93667427073216
1736130043,35.537,0.0,9.8,46.93706976650984
1736133645,35.05,0.7,9.7,46.9374916286727
1736137247,35.05,0.5,9.7,46.93792667402816
1736140849,34.563,0.0,9.7,46.93829580342067
1736144450,34.563,11.8,9.7,46.93870448239095
1736148051,32.615,0.0,9.7,46.93911316136122
1736151653,33.102,0.7,9.8,46.93950865713891
1736155254,36.511,0.3,9.7,46.93994370249436
1736158856,47.712,0.2,9.8,46.94033919827205
1736162457,50.634,0.0,9.7,46.94074787724233
1736166059,52.582,13.1,9.7,46.94118292259778
1736169661,52.582,1.2,9.7,46.94156523518288
1736173262,50.147,0.0,9.7,46.94198709734575
1736176864,51.608,0.0,9.8,46.942395776316026
1736180466,55.504,0.3,9.7,46.942791272093714
1736640178,40.894,0.2,16.9,50.4326328312119
1736643780,38.946,0.5,16.9,50.43305469337476
1736648580,38.946,3.8,10.3,50.43397751685603
1736652182,36.511,0.2,10.3,50.199171673643214
1736655783,36.998,0.5,10.3,50.199606718998666
1736659385,36.511,0.3,10.3,50.20002858116154
1736662986,36.511,0.0,10.3,50.22742325536266
1736666587,37.485,1.3,10.3,50.22783193433293
1736670189,36.511,5.6,10.2,50.22822743011063
1736673790,36.024,0.2,10.3,50.22868884185125
1736677392,40.894,0.0,10.3,50.22908433762895
1736680993,49.173,0.5,10.3,50.22934800148073
1736684594,49.173,0.0,10.2,50.22957211575476
1736688195,52.582,12.9,10.3,50.229809413221375
1736691797,53.069,0.3,10.2,50.23004671068798
1736695399,50.147,0.0,10.4,50.230270824962005
1736699001,48.199,0.2,10.3,50.23050812242862
1736702603,46.251,0.5,10.2,50.23107499970997
1736706204,46.251,0.5,10.3,50.2312859307914
1736709806,49.66,0.8,10.3,50.23152322825801
1736713408,47.712,5.8,10.4,50.23177370891722
1736717010,44.303,8.2,10.3,50.23198463999865
1736720611,39.92,0.0,10.3,50.23222193746526
1736724213,39.92,0.0,10.3,50.232591066857765
1736727814,37.972,0.3,10.3,50.23298656263546
1736731416,36.998,0.0,10.3,50.23339524160574
1736735018,36.024,2.5,18.3,50.018548751973526
1736738619,34.076,6.6,10.5,50.0193397435289
1736742221,34.076,0.3,10.3,50.01974842249918
1736745823,32.615,0.2,10.3,50.0200911855065
1736749425,33.102,0.3,10.3,50.0204734980916
1736753026,33.589,0.0,10.4,50.0208558106767
1736756627,32.615,0.2,10.3,50.02146223753582
1736760229,35.537,13.2,10.4,50.0218577333135
1736793442,50.634,4.5,21.2,50.0225037097504
1736800645,49.66,8.1,9.4,50.02313650299469
1736804247,44.303,2.3,9.5,50.02371656346863
1736809939,40.894,9.3,19.6,51.6728680404608
1736814608,37.485,0.0,9.3,49.82523041584008
1736818209,37.972,0.0,9.3,49.82545453011411
1736821811,34.563,0.5,9.3,49.82569182758071
1736825412,35.05,12.6,9.3,49.825770926736254
1736829013,33.102,0.0,9.2,49.82598185781769
1736832615,32.615,0.2,9.2,49.82620597209171
1736836217,31.641,0.3,9.2,49.82644326955832
1736839819,32.615,0.3,9.3,49.82668056702494
1736843421,32.615,0.3,9.3,49.82693104768413
1736847022,37.972,0.5,9.5,49.82739245942477
1736850624,41.381,13.1,9.3,49.82761657369879
1736854225,44.79,0.0,9.3,49.827867054358
1736857827,46.738,0.5,9.4,49.82810435182461
1736861429,51.121,0.3,9.4,49.82831528290604
1736865031,53.069,0.3,9.4,49.82882942741704
1736868633,54.53,0.0,9.4,49.82905354169105
1736872234,49.173,4.3,9.4,49.82929083915767
1736875836,53.556,11.0,9.3,49.8295017702391
1736879438,53.069,2.0,9.3,49.83000273155751
1736883039,52.582,0.0,9.4,49.82997636517232
1736886642,50.147,0.0,9.4,49.83017411306117
1736890243,46.251,0.3,9.4,49.8303982273352
1736893845,40.894,0.0,9.4,49.830661891186985
1736897446,39.433,12.8,9.4,49.85784563430668
1736901047,36.511,0.3,9.4,49.85808293177328
1736904649,36.511,0.5,9.4,49.858333412432486
1736908250,35.05,0.0,9.4,49.85855752670651
1736911852,34.563,0.5,9.8,49.85879482417312
1736915453,34.563,0.0,9.4,49.85901893844715
1736919054,35.537,13.4,9.3,49.85922986952858
1736922656,34.076,0.7,9.4,49.85948035018778
1736926258,36.024,0.3,9.4,49.859691281269214
1736929859,35.537,0.3,9.4,49.86012632662467
1736933461,39.433,0.5,9.4,49.86038999047646
1736937062,46.251,0.3,9.4,49.8606009215579
1736940664,49.66,5.0,9.4,49.86082503583192
1736944268,48.199,3.3,9.4,49.861088699683705
1736947870,44.303,9.5,9.4,49.86127326437996
1736951472,51.608,0.2,9.4,49.86151056184657
1736955074,51.608,0.5,9.5,49.86174785931319
1736958675,50.147,0.0,9.4,49.861958790394624
1736962277,52.582,0.0,9.4,49.86219608786124
1736965879,45.277,0.0,9.4,49.86240701894267
1736969480,41.868,2.5,9.4,49.86264431640927
1736973082,44.303,7.9,9.4,49.86289479706848
1736976684,42.842,0.0,9.4,49.86313209453509
1736980285,40.894,0.0,9.4,49.86332984242394
1736983887,40.407,0.3,9.4,49.86356713989055
1736987515,39.92,1.3,10.6,49.9181060076336
1736987567,39.433,11.3,10.7,49.91877835045566
1736987619,39.92,0.5,10.7,49.91942432689255
1736987674,38.946,7.1,10.7,49.92022850164052
1736987726,38.946,4.0,10.7,49.94801867161932
1736987783,39.92,1.5,10.7,49.94870419763399
1736987840,38.459,1.7,10.7,49.94949518918936
1736987898,39.433,10.0,10.8,49.95012798243366
1736987955,39.433,2.0,10.8,49.95097170675939
1736988029,39.433,0.3,10.9,49.95176269831477
1736988091,38.946,5.1,10.9,49.95259323944791
1736988153,37.485,0.5,10.9,49.95356879569954
1736988220,38.946,5.7,10.9,49.95449161918081
1736988287,38.946,1.5,11.0,49.95530897712136
1736988354,37.972,1.0,11.0,49.95623180060263
1736988426,38.459,14.1,11.0,49.95720735685426
1736988499,38.459,3.3,11.0,49.95802471479481
1736988571,37.972,2.0,11.0,49.95913210297233
1736988648,37.972,0.7,11.1,49.960068109646194
1736988725,37.972,5.8,11.5,49.96097774993488
1736988802,37.972,1.0,11.2,49.96207195491981
1736988885,38.459,5.8,11.2,49.96313979351956
1736988967,37.972,3.3,11.2,49.96431309766003
1736989054,37.485,1.8,11.3,49.96542048583756
1736989141,37.972,3.3,11.3,49.96667288913357
1736989234,38.459,3.0,11.4,49.99484537169748
1736989326,38.946,1.5,11.4,49.9959659430676
1736989418,37.972,1.5,11.4,49.99731062871173
1736989515,38.459,1.5,11.5,49.9986025815855
1736989612,37.972,1.5,11.5,50.000079099155535
1736989715,38.459,2.0,11.6,50.00131831925896
1736989817,38.946,10.0,11.6,50.00286075279193
1736989924,37.972,2.7,11.6,50.004139522473125
1736990032,38.459,2.0,11.7,50.00574787196905
1736990144,39.433,0.8,11.7,50.00714529038355
1736990256,38.946,0.0,11.8,50.03581873426586
1736990373,37.972,0.3,11.8,50.03733480141366
1736990496,38.459,1.0,11.9,50.03894315090959
1736990618,37.972,2.8,12.0,50.04074924829436
1736990746,38.946,2.3,12.0,50.042463063331
1736990873,36.511,2.2,12.0,50.04420324475283
1736991005,38.459,9.0,12.0,50.04640483791528
1736991142,36.998,1.8,12.1,50.04829003445559
1736991284,37.485,2.3,12.2,50.0502938797292
1736991426,37.485,0.0,12.3,50.052495472891664
1736991573,38.459,8.0,12.3,50.054723432439296
1736991726,37.972,0.5,12.4,50.05671409452033
1736991993,38.459,0.3,15.0,50.05688547602399
1736995595,37.972,0.0,13.3,50.01501565635952
1736999197,36.511,0.3,13.3,50.01525295382613
1737002798,36.998,0.5,13.3,50.01547706810016
1737006399,37.972,0.3,13.4,50.01570118237417
1737010001,38.459,7.9,13.3,50.0159252966482
1737013603,36.511,5.0,13.3,50.0161757773074
1737017205,37.485,0.7,13.2,50.01638670838884
1737020807,37.972,0.3,13.3,50.016610822662855
1737026298,39.433,8.4,9.1,50.04506015227115
1737029900,42.842,0.2,9.1,50.04528426654517
1737033502,47.225,0.0,9.2,50.04556111358956
1737037103,45.764,0.2,9.1,50.04578522786357
1737040705,52.582,1.0,9.1,50.0460093421376
1737044307,46.738,0.5,9.1,50.046246639604206
1737047909,48.199,10.3,9.1,50.04673441773002
1737051511,46.738,12.3,9.1,50.04669486815225
1737055112,36.511,0.5,9.2,50.04715627989289
1737058714,36.511,0.0,9.2,50.04735402778173
1737062316,36.024,0.7,9.1,50.04759132524834
1737065917,37.485,0.2,9.2,50.04782862271496
1737069519,36.998,0.0,9.2,50.04805273698898
1737073121,37.485,7.4,9.1,50.048276851263005
1737076723,36.998,3.5,9.2,50.0485405151148
1737080325,37.485,0.5,9.2,50.0487778125814
1737083926,36.998,0.5,9.3,50.04893601089249
1737087528,36.511,0.5,9.3,50.04917330835909
1737091129,36.511,0.5,9.4,50.04943697221088
1737094730,37.485,8.3,9.3,50.04983246798857
1737098332,36.998,3.0,9.3,50.04985883437375
1737101933,36.511,0.5,9.3,50.05010931503296
1737105534,35.05,0.2,9.4,50.05032024611439
1737109136,36.998,0.5,9.3,50.05053117719582
1737112738,38.946,0.3,9.5,50.07779401947104
1737116339,41.381,9.0,9.4,50.07799176735988
1737119940,41.868,0.2,10.1,50.07862456060419
1737123541,43.816,1.2,9.5,50.079441918544745
1737127142,46.251,0.3,9.5,50.07967921601135
1737130753,50.147,6.1,9.5,50.07990333028538
1737134354,48.199,0.5,9.4,50.08014062775199
1737137955,47.225,0.5,9.5,50.08033837564084
1737141557,48.199,0.5,9.5,50.08058885630003
1737145158,38.946,0.0,9.5,50.08082615376664
1737148759,37.485,0.0,9.5,50.08105026804067
1737152361,36.998,11.3,9.5,50.08127438231469
1737155962,37.485,7.8,9.5,50.08172261086274
1737159564,38.459,0.3,9.5,50.08172261086274
1737163166,37.972,0.3,9.5,50.08195990832935
1737166767,37.972,0.5,9.5,50.08218402260337
1737170368,36.511,0.2,9.5,50.082394953684805
1737173970,36.998,12.9,9.5,50.082632251151416
1737177571,36.998,0.5,9.5,50.08285636542544
1737181173,36.511,0.2,9.4,50.08308047969946
1737184774,35.537,0.2,9.5,50.083330960358666
1737188376,36.998,0.5,9.5,50.083766005714125
1737191978,38.459,0.0,9.5,50.08401648637333
1737195580,42.842,7.1,9.4,50.08424060064735
1737199181,47.225,4.0,9.6,50.084464714921374
1737202783,46.738,0.5,9.6,50.08470201238799
1737206385,47.712,0.0,9.6,50.08491294346942
1737209987,53.069,0.5,9.5,50.08515024093603
1737213588,51.608,0.0,9.5,50.08537435521006
1737217190,52.582,0.5,9.5,50.08559846948407
1737220792,54.53,8.9,9.5,50.08583576695068
1737224393,54.043,0.2,9.5,50.08605988122471
1737227995,54.53,0.5,9.5,50.08627081230615
1737231597,55.017,0.0,9.6,50.08648174338758
1737235198,49.173,0.2,9.5,50.08671904085419
1737238800,43.329,0.0,9.5,50.0869563383208
1737242402,44.303,10.6,12.1,50.0853084392471
1737246003,40.407,7.1,9.6,50.08540072159523
1737249604,39.92,0.2,9.6,50.08565120225443
1737253206,38.946,0.2,9.5,50.08587531652845
1737256808,38.946,0.0,9.5,47.01378276418854
1737260409,36.998,0.0,9.6,47.01404642804034
1737264011,37.485,0.0,9.5,47.01427054231436
1737267613,37.972,7.4,9.5,47.01450783978097
1737271215,36.998,1.0,9.5,47.01474513724758
1737274816,36.024,0.5,9.6,47.01498243471419
1737278418,36.998,0.2,9.6,47.01520654898822
1737282019,48.686,0.0,9.6,47.01544384645483
1737285621,54.043,0.7,9.5,47.01569432711403
1737289222,55.991,11.6,9.5,47.01591844138805
1737292825,54.043,13.1,9.6,47.01615573885466
1737296427,50.634,0.2,9.6,47.0163666699361
1737300029,53.069,0.5,9.6,47.04357677944097
1737303631,53.556,0.0,9.6,47.043800893715
1737307232,55.991,0.5,10.3,47.04477644996662
1737310833,55.017,0.0,10.0,47.04544879278868
1737314434,56.965,12.9,10.2,47.04613431880335
1737318036,54.53,0.5,10.2,47.046793478432825
1737321637,52.095,9.3,10.2,47.04751855402525
1737325239,43.329,0.5,10.3,47.04813816407696
1737328841,42.355,0.5,10.0,47.04881050689903
1737332443,35.537,0.5,10.2,47.049482849721095
1737336044,37.485,1.5,10.3,47.05012882615798
1737339646,36.511,12.9,10.1,47.05082753536523
1737343248,36.998,7.0,10.2,47.0514998781873
1737346850,36.511,32.3,10.3,47.0791845826254
1737350452,36.998,0.2,10.1,47.079817375869695
1737354053,36.024,0.5,9.6,47.08047653549917
1737357655,35.537,0.2,9.6,47.08072701615838
1737361256,36.024,2.5,9.6,47.0809511304324
1737364858,36.024,4.0,9.6,47.08117524470642
1737368459,40.407,0.7,9.6,47.08139935898044
1737372061,48.199,0.8,9.6,47.08166302283224
1737375663,48.686,0.0,9.6,47.08188713710626
1737379264,52.582,0.0,9.7,47.08209806818769
1737382866,52.095,0.0,9.6,47.0823353656543
1737386468,50.147,13.1,9.6,47.08255947992833
1737390069,51.608,0.2,9.6,47.08278359420235
1737393671,52.582,0.0,9.6,47.08299452528378
1737397272,55.991,10.5,10.0,47.08329773871334
1737400873,43.329,0.0,9.7,47.08389098237987
1737404475,42.842,0.0,9.6,47.08435239412051
1737408077,41.868,13.1,9.7,47.084602874779705
1737411678,40.894,0.3,9.7,47.08484017224632
1737415280,37.485,0.5,9.7,47.08503792013517
1737418881,38.459,1.0,9.7,47.08531476717955
1737422483,37.485,1.2,9.7,47.08552569826098
1737426085,36.511,0.3,9.7,47.08573662934241
1737429687,36.511,2.0,9.7,47.0860134763868
1737433288,36.024,7.1,9.7,47.08622440746822
1737436890,36.998,0.3,9.6,47.08643533854966
1737440491,37.485,0.3,9.7,47.08671218559404
1737444093,36.024,0.2,9.7,47.086909933482886
1737447695,35.537,0.2,9.7,47.0871472309495
1737451296,38.459,2.5,9.7,47.08738452841611
1737454897,43.816,3.3,9.7,47.08758227630495
1737458499,49.66,0.2,9.7,47.08783275696416
1737462101,50.634,0.2,9.7,47.08805687123817
1737465703,50.634,0.2,9.7,47.08829416870479
